state_code,state_name,series_id
CT,Connecticut,EMD_EPD2DXL0_PTE_R1X_DPG
ME,Maine,EMD_EPD2DXL0_PTE_R1X_DPG
MA,Massachusetts,EMD_EPD2DXL0_PTE_R1X_DPG
NH,New Hampshire,EMD_EPD2DXL0_PTE_R1X_DPG
RI,Rhode Island,EMD_EPD2DXL0_PTE_R1X_DPG
VT,Vermont,EMD_EPD2DXL0_PTE_R1X_DPG
DE,Delaware,EMD_EPD2DXL0_PTE_R1Y_DPG
DC,District of Columbia,EMD_EPD2DXL0_PTE_R1Y_DPG
MD,Maryland,EMD_EPD2DXL0_PTE_R1Y_DPG
NJ,New Jersey,EMD_EPD2DXL0_PTE_R1Y_DPG
NY,New York,EMD_EPD2DXL0_PTE_R1Y_DPG
PA,Pennsylvania,EMD_EPD2DXL0_PTE_R1Y_DPG
FL,Florida,EMD_EPD2DXL0_PTE_R1Z_DPG
GA,Georgia,EMD_EPD2DXL0_PTE_R1Z_DPG
NC,North Carolina,EMD_EPD2DXL0_PTE_R1Z_DPG
SC,South Carolina,EMD_EPD2DXL0_PTE_R1Z_DPG
VA,Virginia,EMD_EPD2DXL0_PTE_R1Z_DPG
WV,West Virginia,EMD_EPD2DXL0_PTE_R1Z_DPG
IL,Illinois,EMD_EPD2DXL0_PTE_R20_DPG
IN,Indiana,EMD_EPD2DXL0_PTE_R20_DPG
IA,Iowa,EMD_EPD2DXL0_PTE_R20_DPG
KS,Kansas,EMD_EPD2DXL0_PTE_R20_DPG
KY,Kentucky,EMD_EPD2DXL0_PTE_R20_DPG
MI,Michigan,EMD_EPD2DXL0_PTE_R20_DPG
MN,Minnesota,EMD_EPD2DXL0_PTE_R20_DPG
MO,Missouri,EMD_EPD2DXL0_PTE_R20_DPG
NE,Nebraska,EMD_EPD2DXL0_PTE_R20_DPG
ND,North Dakota,EMD_EPD2DXL0_PTE_R20_DPG
SD,South Dakota,EMD_EPD2DXL0_PTE_R20_DPG
OH,Ohio,EMD_EPD2DXL0_PTE_R20_DPG
OK,Oklahoma,EMD_EPD2DXL0_PTE_R20_DPG
TN,Tennessee,EMD_EPD2DXL0_PTE_R20_DPG
WI,Wisconsin,EMD_EPD2DXL0_PTE_R20_DPG
AL,Alabama,EMD_EPD2DXL0_PTE_R30_DPG
AR,Arkansas,EMD_EPD2DXL0_PTE_R30_DPG
LA,Louisiana,EMD_EPD2DXL0_PTE_R30_DPG
MS,Mississippi,EMD_EPD2DXL0_PTE_R30_DPG
NM,New Mexico,EMD_EPD2DXL0_PTE_R30_DPG
TX,Texas,EMD_EPD2DXL0_PTE_R30_DPG
CO,Colorado,EMD_EPD2DXL0_PTE_R40_DPG
ID,Idaho,EMD_EPD2DXL0_PTE_R40_DPG
MT,Montana,EMD_EPD2DXL0_PTE_R40_DPG
UT,Utah,EMD_EPD2DXL0_PTE_R40_DPG
WY,Wyoming,EMD_EPD2DXL0_PTE_R40_DPG
AK,Alaska,EMD_EPD2DXL0_PTE_R5XCA_DPG
AZ,Arizona,EMD_EPD2DXL0_PTE_R5XCA_DPG
HI,Hawaii,EMD_EPD2DXL0_PTE_R5XCA_DPG
NV,Nevada,EMD_EPD2DXL0_PTE_R5XCA_DPG
OR,Oregon,EMD_EPD2DXL0_PTE_R5XCA_DPG
WA,Washington,EMD_EPD2DXL0_PTE_R5XCA_DPG
CA,California,EMD_EPD2DXL0_PTE_SCA_DPG